id,title,author,subreddit,score,upvote_ratio,num_comments,created_utc,url,permalink,selftext,is_self,link_flair_text,domain,is_video,thumbnail,gilded,distinguished
61oly8,New? READ ME FIRST!,michael0x2a,learnprogramming,823,0.98,9,2017-03-27 01:07:34,https://www.reddit.com/r/learnprogramming/comments/61oly8/new_read_me_first/,https://www.reddit.com/r/learnprogramming/comments/61oly8/new_read_me_first/,"# Welcome to /r/learnprogramming!

## Quick start:

1. New to programming? Not sure how to start learning? See [FAQ - Getting started][faq-start].
2. Have a question? Our [FAQ][faq] covers many common questions; check that first. Also try searching old posts, either [via google][google] or via reddit's search.
3. Your question isn't answered in the FAQ? Please read the following:

## Getting debugging help

If your question is about code, make sure it's **specific** and **provides all informatio",True,,self.learnprogramming,False,,0,moderator
1pfgv3m,"What have you been working on recently? [December 06, 2025]",AutoModerator,learnprogramming,1,0.67,0,2025-12-06 06:00:32,https://www.reddit.com/r/learnprogramming/comments/1pfgv3m/what_have_you_been_working_on_recently_december/,https://www.reddit.com/r/learnprogramming/comments/1pfgv3m/what_have_you_been_working_on_recently_december/,"What have you been working on recently? Feel free to share updates on projects you're working on, brag about any major milestones you've hit, grouse about a challenge you've ran into recently... Any sort of ""progress report"" is fair game!

A few requests:

1. If possible, include a link to your source code when sharing a project update. That way, others can learn from your work!

2. If you've shared something, try commenting on at least one other update -- ask a question, give feedback, complime",True,,self.learnprogramming,False,,0,
1pi9v6y,Lost in my CS journey — what should I do?,ShockVarious7890,learnprogramming,22,1.0,14,2025-12-09 16:11:35,https://www.reddit.com/r/learnprogramming/comments/1pi9v6y/lost_in_my_cs_journey_what_should_i_do/,https://www.reddit.com/r/learnprogramming/comments/1pi9v6y/lost_in_my_cs_journey_what_should_i_do/,"Hello,  
Is there anyone who can tell me what I should do?

I feel like I’m late in life. I’m 21 years old in my 4th year of university. My major is Computer Science, but I need one more year to graduate because I struggled a lot at the beginning, so now I’m taking courses with 3rd-year students. I’m actually good at studying, but I stopped studying seriously for a long time, and that’s why I fell behind. My whole family works hard to support me financially, and I feel like I can’t keep letting ",True,,self.learnprogramming,False,,0,
1pibr0h,"Feeling stuck as a Frontend Developer, looking for advice on how to level up my career",uebb,learnprogramming,8,0.84,5,2025-12-09 17:23:15,https://www.reddit.com/r/learnprogramming/comments/1pibr0h/feeling_stuck_as_a_frontend_developer_looking_for/,https://www.reddit.com/r/learnprogramming/comments/1pibr0h/feeling_stuck_as_a_frontend_developer_looking_for/,"Hi everyone, I’d really appreciate some advice.

I’m 29 and I’ve been working as a frontend developer for about five years. Lately, I’ve been feeling stuck: my current company no longer offers growth opportunities, either financially or professionally. Overall, it feels like a stagnant situation.

This has been weighing on me for a while and I feel like 2026 might be the right year to make a change, starting with improving my English, but also taking a serious step forward in my career.

A bit o",True,,self.learnprogramming,False,,0,
1pi2m5i,How to count the number of unique entries of a column with more than 400k rows,AltruisticAd4897,learnprogramming,26,0.91,15,2025-12-09 09:51:23,https://www.reddit.com/r/learnprogramming/comments/1pi2m5i/how_to_count_the_number_of_unique_entries_of_a/,https://www.reddit.com/r/learnprogramming/comments/1pi2m5i/how_to_count_the_number_of_unique_entries_of_a/,"Hello,

I want to count the number of unique entries that are present in a column of a big df of more than 400k rows. I already tried table(df$columnname) but my RStudio stopped after 630 entries. I'm not interested in knowing how many times each unique entry appears, just the exact number of unique entries that are present.",True,,self.learnprogramming,False,,0,
1pi8h16,Timeline for learning?,MiaTheTransfem,learnprogramming,8,0.78,17,2025-12-09 15:14:18,https://www.reddit.com/r/learnprogramming/comments/1pi8h16/timeline_for_learning/,https://www.reddit.com/r/learnprogramming/comments/1pi8h16/timeline_for_learning/,"What would be the general timeline of learning to program, front end language+ backend language+database, enough knowledge to make an app like spotify( a random example) 
How long it would take for each on average assuming you learn 1-2.5 hours a day?
I am feeling self conscious about how fast im progressing so thats why im asking. 
As a bonus question, what would be the edge cases?
 A talents timeline vs a psrson able to do the job but not being even average ",True,,self.learnprogramming,False,,0,
1phcl5z,The thing that still amazes me after 10 years of programming,tocka_codes,learnprogramming,433,0.96,64,2025-12-08 14:37:38,https://www.reddit.com/r/learnprogramming/comments/1phcl5z/the_thing_that_still_amazes_me_after_10_years_of/,https://www.reddit.com/r/learnprogramming/comments/1phcl5z/the_thing_that_still_amazes_me_after_10_years_of/,"I’ve been programming for a little over 10 years, and there’s one feeling that never changed since day one.

Whenever I want to build something and I realize there isn’t an existing tool or solution that does exactly what I need, I just open my IDE and start writing.  
And that moment always feels… powerful.

I’m not the type who automates every little thing or writes scripts for every task. But knowing that I could, and that I’m not limited by what exists, has always been my favorite part of be",True,Topic,self.learnprogramming,False,,0,
1pi8ll3,What are the main differences between a prototype and a production-ready feature or app?,newbie_in_tech,learnprogramming,4,0.84,17,2025-12-09 15:19:38,https://www.reddit.com/r/learnprogramming/comments/1pi8ll3/what_are_the_main_differences_between_a_prototype/,https://www.reddit.com/r/learnprogramming/comments/1pi8ll3/what_are_the_main_differences_between_a_prototype/,"Hey everyone, I am a Product Manager with about 5 YOE and have been teaching myself Python out of curiosity. One day, I'd like to actually be able to build and deploy something end-to-end myself. 

Something I have always been curious about is what exactly the ""gaps"" are between a prototype and a production-ready feature or app? 

I feel that I can guess some of the things, like addressing any security concerns, making sure the app scales as more users onboard, etc. But what are the other things",True,,self.learnprogramming,False,,0,
1phs6s5,Performance in Software Engineering,Pwfru,learnprogramming,50,0.88,32,2025-12-09 00:40:58,https://www.reddit.com/r/learnprogramming/comments/1phs6s5/performance_in_software_engineering/,https://www.reddit.com/r/learnprogramming/comments/1phs6s5/performance_in_software_engineering/,"I am a new graduate. Applying to jobs and getting interviews. There's this question that I can not fully answer because I have little to no experience. Please help me understand more about this so not only i get better at interviews but also improve my understanding on this issue.

What do you think performance is in software engineering and what do you do to ensure that your product is fast?",True,Topic,self.learnprogramming,False,,0,
1pi2ui4,When did you feel comfortable with C# and as a backend developer?,mangochilitwist,learnprogramming,7,0.9,6,2025-12-09 10:07:10,https://www.reddit.com/r/learnprogramming/comments/1pi2ui4/when_did_you_feel_comfortable_with_c_and_as_a/,https://www.reddit.com/r/learnprogramming/comments/1pi2ui4/when_did_you_feel_comfortable_with_c_and_as_a/,"Most might joke (or not) about working 20+ years and still not know what they are doing.

  
I am in a situation where I am about to take 100% backend job but I am feeling like I might not be cut for it. They seem to have better structure and appreciate code quality and do tests.

  
I currently work as fullstack and been working with c# .net at my current employer for a year. Frontend is my comfort zone with react typescript but I have always been interested in doing proper fullstack work and d",True,,self.learnprogramming,False,,0,
1piej70,"- ""Beginner C Project: Simple Menu‑Driven Calculator""",Rambhavsar1022,learnprogramming,0,0.5,0,2025-12-09 19:04:40,https://www.reddit.com/r/learnprogramming/comments/1piej70/beginner_c_project_simple_menudriven_calculator/,https://www.reddit.com/r/learnprogramming/comments/1piej70/beginner_c_project_simple_menudriven_calculator/,"    #include&lt;stdio.h&gt;   
    int main() {
        int num1, num2, result;
        printf(""Enter first number: ""); 
        scanf(""%d"", &amp;num1);
        printf(""Enter second number: "");
        scanf(""%d"", &amp;num2);
        printf(""1. Add\n"");
        printf(""2. Subtract\n"");
        printf(""3. Multiply\n"");
        printf(""4. Divide\n"");
        int choice;
        printf(""Choose an operation (1 2 3 4): "");
        scanf(""%d"", &amp;choice);
        if (choice == 1) {
            resul",True,,self.learnprogramming,False,,0,
1pie9k3,Help understanding how to build a simple login + registration system with 3 user categories,FlyDesigner8636,learnprogramming,1,1.0,1,2025-12-09 18:55:03,https://www.reddit.com/r/learnprogramming/comments/1pie9k3/help_understanding_how_to_build_a_simple_login/,https://www.reddit.com/r/learnprogramming/comments/1pie9k3/help_understanding_how_to_build_a_simple_login/,"Hi everyone, I’m trying to help someone who wants to build a very simple web system with registration and login.
Here’s what they need:
	•	A registration form where new users sign up and choose one of three user categories.
	•	A login form so that already-registered users can log in instead of registering again.
	•	A backend system that saves the user info in a database and recognizes returning users.
	•	The backend must also distinguish between the three user categories, ideally redirecting the",True,Topic,self.learnprogramming,False,,0,
1pi2o4w,Doing well learning but struggle immensely with vocab,defire101,learnprogramming,5,0.79,4,2025-12-09 09:55:24,https://www.reddit.com/r/learnprogramming/comments/1pi2o4w/doing_well_learning_but_struggle_immensely_with/,https://www.reddit.com/r/learnprogramming/comments/1pi2o4w/doing_well_learning_but_struggle_immensely_with/,"Hello!

  
I'm a 2nd year programming student. I've done well in all of my classes up until now, and I've been programming self taught since high school, mostly making silly games with pygame &amp; unity.

  
I think that I understand the basics well enough, but I do not understand hardly anything when I listen to other people speak about programming. Things that people talk about as if they have known them their whole life, and I should too.

  
I don't know what argument mangling is, or byte m",True,,self.learnprogramming,False,,0,
1pidq4s,tasks and their solutions on Codewars,Viktor_Vishnyakov,learnprogramming,1,1.0,0,2025-12-09 18:35:53,https://www.reddit.com/r/learnprogramming/comments/1pidq4s/tasks_and_their_solutions_on_codewars/,https://www.reddit.com/r/learnprogramming/comments/1pidq4s/tasks_and_their_solutions_on_codewars/,"I've been studying for five days and decided, as many people advise, to start an project and learn while doing it. But I don't have any projects in mind, so I went to do some exercises on Codewars in Python. All the 8 kyu and some 7 kyu exercises are very easy, and I almost immediately understand in my head what I need to do.

 But when I look at other people's solutions at the end, they always solve the problem in 1-3 lines of code. When I solve it in 10 lines, people use solutions that would n",True,Topic,self.learnprogramming,False,,0,
1pi7p8n,"What Program is recommended that allows you to create multiple Frontends for users to view data, trigger processes, etc.",No-Signature8715,learnprogramming,2,1.0,5,2025-12-09 14:41:14,https://www.reddit.com/r/learnprogramming/comments/1pi7p8n/what_program_is_recommended_that_allows_you_to/,https://www.reddit.com/r/learnprogramming/comments/1pi7p8n/what_program_is_recommended_that_allows_you_to/,"I would like to invest time in learning a program to build multiple frontend user interfaces that allows them to view data but also trigger multiple automated processes with a button - using sql and other code (to simplify the ask).

I’ve only seen general suggestions however would like insight with someone who has tried them first hand.",True,Topic,self.learnprogramming,False,,0,
1piciar,No completion with ( { in codelite?,joghurt_lover,learnprogramming,2,1.0,0,2025-12-09 17:51:20,https://www.reddit.com/r/learnprogramming/comments/1piciar/no_completion_with_in_codelite/,https://www.reddit.com/r/learnprogramming/comments/1piciar/no_completion_with_in_codelite/,"Very much a noob with this program.

I switched from VS Code, and it had autocompletion when typing "" it made """".  
It's the same with ( \[ {.  
  
But on CodeLite it only does that with "" and \[.  
  
Any help?",True,,self.learnprogramming,False,,0,
1piatjl,"Help! Stack for a desktop app. C#+WPF front, Java+Springboot back.",AromaticDrama6075,learnprogramming,1,0.67,2,2025-12-09 16:48:23,https://www.reddit.com/r/learnprogramming/comments/1piatjl/help_stack_for_a_desktop_app_cwpf_front/,https://www.reddit.com/r/learnprogramming/comments/1piatjl/help_stack_for_a_desktop_app_cwpf_front/,"Hello there. I'm starting at programming, I just have some background developing API REST in Java and Spring Boot as personal projects. I also used JavaFX just once. I'm a computer science student, so I have some theoretical knowledge about POO, some architectures, concurrency etc.

I need to develop a Sales system for a small shop. It has to run in 4 computers. The shop has almost 500k products in its database and I have some doubts.

My main problem is that I don't have any knowledge about UI,",True,,self.learnprogramming,False,,0,
1pi9j8z,Web Dev learning path course worth the money?,goodiz88,learnprogramming,0,0.43,4,2025-12-09 15:58:14,https://www.reddit.com/r/learnprogramming/comments/1pi9j8z/web_dev_learning_path_course_worth_the_money/,https://www.reddit.com/r/learnprogramming/comments/1pi9j8z/web_dev_learning_path_course_worth_the_money/,"I am looking for a one site to stick to, to learn web development. There are many options but I was wondering if there is a best course or website to pay for and start.",True,,self.learnprogramming,False,,0,
1pi4njd,Programming in WSL,Ivan_Horozov,learnprogramming,2,0.59,14,2025-12-09 12:01:58,https://www.reddit.com/r/learnprogramming/comments/1pi4njd/programming_in_wsl/,https://www.reddit.com/r/learnprogramming/comments/1pi4njd/programming_in_wsl/,"Hi,
I'm using windows on my laptop and want to learn C++ and other languages because I'm a high school student in system programming class. 
I have a few questions.
1. Is Windows enough for my usecase?
2. Is WSL2 good alternative of dual booting?
3. Is Visual Studio Community the best IDE?",True,Topic,self.learnprogramming,False,,0,
1phj3ql,For experienced devs: what skillset is most valuable for newer programmers?,mcleme9,learnprogramming,46,0.94,17,2025-12-08 18:51:27,https://www.reddit.com/r/learnprogramming/comments/1phj3ql/for_experienced_devs_what_skillset_is_most/,https://www.reddit.com/r/learnprogramming/comments/1phj3ql/for_experienced_devs_what_skillset_is_most/,"I did a career change a few years ago and went the bootcamp route. I've been a fullstack engineer for 3+ years working mainly in JS/React/Typescript with some .NET work. I've done a few independent projects on the side in my free time but I'm looking for any input or advice on what else would be a valuable use my time. 

I've considered taking up a new language, focusing on AWS certifications or just continue building apps for fun. Is there a certain skillset that you've found most beneficial fo",True,Topic,self.learnprogramming,False,,0,
1pi41qt,What skills should I learn first if I want to make a custom eCommerce site someday?,FrostingTall9171,learnprogramming,2,1.0,7,2025-12-09 11:24:56,https://www.reddit.com/r/learnprogramming/comments/1pi41qt/what_skills_should_i_learn_first_if_i_want_to/,https://www.reddit.com/r/learnprogramming/comments/1pi41qt/what_skills_should_i_learn_first_if_i_want_to/,"What direction should I take when I want to create a small eCommerce site?

Do I need to learn the proper stack of tech (such as JavaScript +React +Node or Django or similar) in order to build my own site? Would something like Shopify work better for beginners?

It is my goal to learn what skills I should be learning to eventually manage and scale this site by myself. Not looking for product reviews, but rather to learn about the typical learning process and how programmers approach these types ",True,,self.learnprogramming,False,,0,
1pi7iqg,Help me out here with a learning journey.,imahmed_,learnprogramming,0,0.5,6,2025-12-09 14:33:26,https://www.reddit.com/r/learnprogramming/comments/1pi7iqg/help_me_out_here_with_a_learning_journey/,https://www.reddit.com/r/learnprogramming/comments/1pi7iqg/help_me_out_here_with_a_learning_journey/,"a college studying CSE I'm in 2nd year, as of now i know nothing about coding, and suddenly we got project to-do on our 4th semester, the teachers told everyone to ethier buy it or do it yourself.
I got a topic called (college management software)
I thought why shouldn't i give it a try and learn something, i tried to build it as website, i did the basics and used Chat GPT for coding I'm at a point where is it okay or not i do know little bit about HTML.
My question are as a newbie, is it good t",True,,self.learnprogramming,False,,0,
1pi7f1i,Data structure : Memory and patterns learning method,type-ritik,learnprogramming,1,0.6,3,2025-12-09 14:28:46,https://www.reddit.com/r/learnprogramming/comments/1pi7f1i/data_structure_memory_and_patterns_learning_method/,https://www.reddit.com/r/learnprogramming/comments/1pi7f1i/data_structure_memory_and_patterns_learning_method/,"Do I think of memory and patterns when i study data structures.

I mean say I am learning tree: Do I think it in a structural way, how exactly ""tree"" is build in a memory A root left point to B , A root right points to C ..., 

In terms of memory, or simply study code , time and space complexity.

Like in Array : Is a Contiguous Homogeneous type of data structure, do I think of it as contiguous memory in a structure way or I read How the code is working and what methods are be there , the time a",True,,self.learnprogramming,False,,0,
1pi2y8l,I desperately need help for a website animation.,Practical-Muffin1576,learnprogramming,2,0.76,2,2025-12-09 10:14:15,https://www.reddit.com/r/learnprogramming/comments/1pi2y8l/i_desperately_need_help_for_a_website_animation/,https://www.reddit.com/r/learnprogramming/comments/1pi2y8l/i_desperately_need_help_for_a_website_animation/,"For our FYP project, we need to create a **fiery, glowing circular swirl animation** something that lights up and rotates when activated.

Does anyone know how to achieve this effect or have any references we can use?  
We urgently need help with this. I’ll share the link below.

[https://www.vecteezy.com/video/16795854-looped-twirl-circle-of-stripes-and-lines-of-bright-orange-fire-beautiful-magical-energy-glowing-neon-round-frame-abstract-background-screensaver-video-in-high-quality-4k](https:/",True,,self.learnprogramming,False,,0,
1phithv,Would you recommend a 40 year old to try get into programming?,Business-Traffic-140,learnprogramming,31,0.72,61,2025-12-08 18:40:54,https://www.reddit.com/r/learnprogramming/comments/1phithv/would_you_recommend_a_40_year_old_to_try_get_into/,https://www.reddit.com/r/learnprogramming/comments/1phithv/would_you_recommend_a_40_year_old_to_try_get_into/,"Hi I'm almost 40 and I like to work on Html and CSS and just started the freec odecamp of JavaScript, do you think I can have a shot to change to Programming?",True,,self.learnprogramming,False,,0,
1pi46og,I WANT O FINALLY TAKE THIS PATH,CorgiInitial5711,learnprogramming,0,0.5,4,2025-12-09 11:33:38,https://www.reddit.com/r/learnprogramming/comments/1pi46og/i_want_o_finally_take_this_path/,https://www.reddit.com/r/learnprogramming/comments/1pi46og/i_want_o_finally_take_this_path/,"Hey everyone,

Took me a while to actually post in here but I have a IT background since univeristy mainly in support. I done this for 4 years post graduating and it never really paid well. During this time I taught myself wordpress and how to create websites which allowed me to support myself during covid as i created websites for hairstylist, service providers and more. I still do this on the side and have recently benefited from a few viral posts on tiktok! However I love tech like i want to ",True,,self.learnprogramming,False,,0,
1pi3qnf,Java performance,NP_Ex,learnprogramming,1,0.57,3,2025-12-09 11:05:55,https://www.reddit.com/r/learnprogramming/comments/1pi3qnf/java_performance/,https://www.reddit.com/r/learnprogramming/comments/1pi3qnf/java_performance/,"I'm seeing recurring claims about exceptional JVM performance, especially when contrasted with languages like Go, and I've been trying to understand how these narratives form in the community.



In many public benchmarks, Go comes out ahead in certain categories, despite the JVM’s reputation for aggressive optimization and mature JIT technology. On the other hand, Java dominates in long-running, throughput-heavy workloads. The contrast between reputation and published results seems worth examin",True,,self.learnprogramming,False,,0,
1phv1gq,Looking for feedback on the self-taught SWE route,critch_retro,learnprogramming,4,0.71,12,2025-12-09 02:48:06,https://www.reddit.com/r/learnprogramming/comments/1phv1gq/looking_for_feedback_on_the_selftaught_swe_route/,https://www.reddit.com/r/learnprogramming/comments/1phv1gq/looking_for_feedback_on_the_selftaught_swe_route/,"I’ve been keenly interested in coding / software / tech my whole life, but never seriously pursued it because I felt I was not smart enough.

Pursued a BA undergrad with the intent of going pre-law, but never ended up going to law school. worked in SaaS sales and marketing for about 1.5 years while I figured out what I wanted to do, and have been in risk management for about 6 months while I earn my MS in a related degree path. When I thought about changing careers last time I still overlooked a",True,Topic,self.learnprogramming,False,,0,
1pi2ex4,Which is Better for Future Growth: React.js or ERPNext?,Just_Analysis_8126,learnprogramming,1,0.6,10,2025-12-09 09:37:19,https://www.reddit.com/r/learnprogramming/comments/1pi2ex4/which_is_better_for_future_growth_reactjs_or/,https://www.reddit.com/r/learnprogramming/comments/1pi2ex4/which_is_better_for_future_growth_reactjs_or/,"In my current company, I am working with React.js, but the team is now shifting to ERPNext. I am unsure whether I should stay and continue working with ERPNext or switch companies to pursue more opportunities in React.js. What would be better for my future growth?",True,,self.learnprogramming,False,,0,
1pi1d64,How do i use this?,Nextrin129,learnprogramming,1,0.67,3,2025-12-09 08:25:27,https://www.reddit.com/r/learnprogramming/comments/1pi1d64/how_do_i_use_this/,https://www.reddit.com/r/learnprogramming/comments/1pi1d64/how_do_i_use_this/,"There is this website (https://www.finisher.co/lab/header/) which is used for adding animated headers to a website. And ive tried and well there is a tutorial on the website, but i dont understand any of it. i couldnt find any video tutorial on the internet. So i have no idea if this website even works or how to use it.

So if anyone has any idea how to use this please help (*preferably with a video tutorial)*. And if this website doesnt work, does anyone have a good alternative?",True,Debugging,self.learnprogramming,False,,0,
1phqa0i,Help! Need advice,Intelligent6623,learnprogramming,4,0.84,4,2025-12-08 23:21:45,https://www.reddit.com/r/learnprogramming/comments/1phqa0i/help_need_advice/,https://www.reddit.com/r/learnprogramming/comments/1phqa0i/help_need_advice/,"Hey guys! I want to learn programming but I don't know where to start. I am not a technical person, I am DPT I work in a clinic and want to learn this skill to hopefully work on a little project related to my clinical expertise(trying to build a software ). I asked a few tech pp they told to learn python but I still feel kinda lost. Should I go with python, do I need an online course, are there any good books for learning or a yet channel and how long does it take to learn enough to start buildi",True,,self.learnprogramming,False,,0,
1phvy7f,im LOST,zattalov,learnprogramming,1,0.54,5,2025-12-09 03:30:29,https://www.reddit.com/r/learnprogramming/comments/1phvy7f/im_lost/,https://www.reddit.com/r/learnprogramming/comments/1phvy7f/im_lost/,"im a senior motion graphic design with 15 years of experience. i want to make a career shift to programming. you gonna say front end is suitable for you, but i thinks that there is a lot of web devs (Front, back, full stack..) and the market is a bit saturated, and everybody is learning JS… i want something not shiny, but stable so i thought about C# or JAVA, and after learning the basics of both, i liked C# . but im still LOST because i dont have answers to those questions:

\- if AI can do 30 ",True,,self.learnprogramming,False,,0,
1ph9tan,Is front-end development easier to start with than back-end?,FrostingTall9171,learnprogramming,33,0.92,33,2025-12-08 12:13:05,https://www.reddit.com/r/learnprogramming/comments/1ph9tan/is_frontend_development_easier_to_start_with_than/,https://www.reddit.com/r/learnprogramming/comments/1ph9tan/is_frontend_development_easier_to_start_with_than/,"I'm trying to understand the learning curve between **front-end and back-end development**.

From your experience, which one felt easier to start with, and why?  
Was it because of the tools, the concepts, the visual feedback, or something else?

I’m not asking which career path I personally should choose — just curious how beginners typically experience the difficulty of each side, and what factors make one feel more approachable than the other.

Would love to hear what helped you when you firs",True,,self.learnprogramming,False,,0,
1phln61,How do you actually start building projects from small to big?,FirmAssociation367,learnprogramming,6,0.88,7,2025-12-08 20:25:30,https://www.reddit.com/r/learnprogramming/comments/1phln61/how_do_you_actually_start_building_projects_from/,https://www.reddit.com/r/learnprogramming/comments/1phln61/how_do_you_actually_start_building_projects_from/,"Im just new to programming so I need some pointers and so far the only things ive built are console projects like calculator, hangman game, bank systems (withdraw and deposit) simple stuff like that. 

I want to keep practicing by making more mini projects but starting has always been the hardest part. How do I deal with looking at a blank file? What do you usually do to gain momentum? ",True,,self.learnprogramming,False,,0,
1phuipk,Understanding File Structure of a big Project,FortioRYhhT,learnprogramming,2,0.75,4,2025-12-09 02:24:05,https://www.reddit.com/r/learnprogramming/comments/1phuipk/understanding_file_structure_of_a_big_project/,https://www.reddit.com/r/learnprogramming/comments/1phuipk/understanding_file_structure_of_a_big_project/,"as the title says , how do I go about even understanding the file structure of a big project ? I have a very difficult time to grasp different file structures for different projects i find in github so is there any trick or will I develop it through experience ? Thanks in advance ",True,,self.learnprogramming,False,,0,
1phwyqg,Easiest way to create a mobile app for Data Engineer,Independent-Milk8150,learnprogramming,0,0.4,1,2025-12-09 04:18:06,https://www.reddit.com/r/learnprogramming/comments/1phwyqg/easiest_way_to_create_a_mobile_app_for_data/,https://www.reddit.com/r/learnprogramming/comments/1phwyqg/easiest_way_to_create_a_mobile_app_for_data/,"I'm a Data Engineer, having expertise in DBA, python, typescript, and Cloud Computing(and networking)

I want to create a dating app, for this I have tried Framework7 and React Native

Framework7 - framework7-cli is not able to create initialise svelte, vue or even react project

Like, when I'm running

framework7 create app
[Selecting the option of capacitor app, and svelte/vue/react]
npm I
npm start

The browser loads nothing, I even did view-source, there was no code

I even tried react nativ",True,,self.learnprogramming,False,,0,
1phwp6u,Custom chat-bot programming related help,AmanBabuHemant,learnprogramming,0,0.5,3,2025-12-09 04:05:25,https://www.reddit.com/r/learnprogramming/comments/1phwp6u/custom_chatbot_programming_related_help/,https://www.reddit.com/r/learnprogramming/comments/1phwp6u/custom_chatbot_programming_related_help/,"Hi, I am making a chat-bot to automate intraciton with some applicants.

I want help regarding approach and technique to use for able to make the tool-calling thing,

I am using Ollama with some models (testing different models), some modes obey instruction some don't, some produce structured output as expected some not.

This thing I want to do is, make the bot aware of my database, and able to information about the user while chatting, I tried to say like ""add response in the end of your respo",True,,self.learnprogramming,False,,0,
1pho8ek,Trying to Learn,mugwam55,learnprogramming,3,0.81,7,2025-12-08 22:02:10,https://www.reddit.com/r/learnprogramming/comments/1pho8ek/trying_to_learn/,https://www.reddit.com/r/learnprogramming/comments/1pho8ek/trying_to_learn/,"Hey everyone! 

I am currently in college and I have taken intro Python, Java Script, and C programming classes. I do alright in the classes but I notice that afterwards I can’t build anything and I don’t really learn a language. So, I am gonna select a frontend, backend, and a database language (gonna do SQL) and just come up with a personal project and really lean into it and learn from that to become a well rounded software engineer/data scientist or other tech job. 

I want your guys input o",True,,self.learnprogramming,False,,0,
1phe5vo,Is programming often taught depth-first? Why?,TsukiInkling,learnprogramming,9,0.74,16,2025-12-08 15:45:11,https://www.reddit.com/r/learnprogramming/comments/1phe5vo/is_programming_often_taught_depthfirst_why/,https://www.reddit.com/r/learnprogramming/comments/1phe5vo/is_programming_often_taught_depthfirst_why/,"Hi, I'm currently learning Java in my senior year of high school, and I got my Python certification a couple years ago. Please do let me know if this happens to be just a Java thing so I can instead ask on that sub.

Something I've noticed particularly recently is that, when trying to make something too far past the kind of things we learn about in class, I end up encountering a problem that challenges how I understand the way Java works.
A good example of this is when I found some fairly basic ",True,,self.learnprogramming,False,,0,
1phw23b,"What is a lesser-known, easy-to-start payment gateway or open-banking API for a fintech app—one that lets developers sign up and begin integrating immediately without extra requirements, and isn’t Stripe or Plaid but is less expensive and less known?",Gold_Mine_9322,learnprogramming,1,0.57,1,2025-12-09 03:35:28,https://www.reddit.com/r/learnprogramming/comments/1phw23b/what_is_a_lesserknown_easytostart_payment_gateway/,https://www.reddit.com/r/learnprogramming/comments/1phw23b/what_is_a_lesserknown_easytostart_payment_gateway/,For United States. This is for United States and E-Wallet/Banking App,True,,self.learnprogramming,False,,0,
1phuhft,how does one memorize different kinds of sorting methods?,HedgehogPuzzled4820,learnprogramming,0,0.48,21,2025-12-09 02:22:28,https://www.reddit.com/r/learnprogramming/comments/1phuhft/how_does_one_memorize_different_kinds_of_sorting/,https://www.reddit.com/r/learnprogramming/comments/1phuhft/how_does_one_memorize_different_kinds_of_sorting/,"i have started studying DSA theory and i came across different kinds of sorting methods, the thing is they seemed somewhat complex  to code(like bubble sort etc.). My question is, how do i learn these methods? is it by memorization? or do i have to first read the code and write it by seeing it until i get comfortable with the logic? Also , is it normal to get stuck upon these as a beginner?

",True,,self.learnprogramming,False,,0,
1phnlqp,"i have a (stupid) question about ""Composition over Inheritance"" in the context of game dev",SnurflePuffinz,learnprogramming,2,0.75,10,2025-12-08 21:38:44,https://www.reddit.com/r/learnprogramming/comments/1phnlqp/i_have_a_stupid_question_about_composition_over/,https://www.reddit.com/r/learnprogramming/comments/1phnlqp/i_have_a_stupid_question_about_composition_over/,"Say you have an Entity implementing the Collision  and Render *processes*.

how would this occur without a unique implementation of each process?

Because, you would expect a radically different type of Entity, like an octopus vs. a spaceship, to to have radically different implementations of the same process.

and wouldn't that undermine the entire composition is easier / modular thing?",True,Topic,self.learnprogramming,False,,0,
1pht28u,I found this youtube playlist that compiles the lecture of CS:APP 15-213 but is 8 years ago already. Should I watch all of this?,ArdnyX,learnprogramming,1,0.67,1,2025-12-09 01:18:47,https://www.reddit.com/r/learnprogramming/comments/1pht28u/i_found_this_youtube_playlist_that_compiles_the/,https://www.reddit.com/r/learnprogramming/comments/1pht28u/i_found_this_youtube_playlist_that_compiles_the/,"I'm kinda interested in low-level and machine stuff (*plus I kinda dozed off most of my lectures this year in Computer Architectures, so I'm kinda fucked right now at concepts that is related to this. It's all theoretical*). I'm currently a 3rd year CS student.

This is the [youtube playlist](https://www.youtube.com/watch?v=4CpHpFu_KYM&amp;list=PLyboo2CCDSWnhzzzzDQ3OBPrRiIjl-aIE) that I found and I've heard good praises about this lecture. Despite being 8 years, is it still as good and should I ",True,Resource,self.learnprogramming,False,,0,
1phcgc8,"Teaching my middle schooler to code, what should I avoid doing wrong?",ninjapapi,learnprogramming,5,0.63,33,2025-12-08 14:31:26,https://www.reddit.com/r/learnprogramming/comments/1phcgc8/teaching_my_middle_schooler_to_code_what_should_i/,https://www.reddit.com/r/learnprogramming/comments/1phcgc8/teaching_my_middle_schooler_to_code_what_should_i/,"I'm a software engineer and my 12yo wants to learn programming. Sounds perfect right? Except I'm worried that I'm going to make it boring or teach it the wrong way and kill her interest completely.

When I learned it was just messing around making terrible websites and breaking stuff until things worked. But I feel pressure to teach her ""properly"" with fundamentals and good practices from the start. Is that even the right approach for a kid or should I just let her mess around and figure stuff o",True,,self.learnprogramming,False,,0,
1pggizs,Don't listen to people telling you not to learn code due to AI fear mongering,No-Pace-1383,learnprogramming,672,0.95,114,2025-12-07 12:49:25,https://www.reddit.com/r/learnprogramming/comments/1pggizs/dont_listen_to_people_telling_you_not_to_learn/,https://www.reddit.com/r/learnprogramming/comments/1pggizs/dont_listen_to_people_telling_you_not_to_learn/,"Yes the job market is not great at the moment, yes ai can generate code within seconds. That would take a newbie a few hours to a couple of days to solve but trust me learning the skill is still relevant today. I personally think the goal of learning how to program these days should be to build your own systems. If you can push code from end to end. And showcase a portfolio of systems you have built throughout the years then this will increase your chances of getting a job. That's more than just",True,,self.learnprogramming,False,,0,
1ph8oxj,DSA Language Choice if I Only Know Python?,redditbot108,learnprogramming,10,0.78,17,2025-12-08 11:03:56,https://www.reddit.com/r/learnprogramming/comments/1ph8oxj/dsa_language_choice_if_i_only_know_python/,https://www.reddit.com/r/learnprogramming/comments/1ph8oxj/dsa_language_choice_if_i_only_know_python/,"I’m from an AI/ML background and I only know Python. Now I want to learn DSA, but my friends keep tellin me to switch to C++ or Java.

Here’s my confusion:
Should I learn C++ or Java just for DSA, or stick to python and still build solid fundamentals? 

Would love you hear what you guys think? 
Thankyou
",True,,self.learnprogramming,False,,0,
1ph0y9w,is programming fun?,Ornery_Champion2068,learnprogramming,36,0.86,71,2025-12-08 03:35:23,https://www.reddit.com/r/learnprogramming/comments/1ph0y9w/is_programming_fun/,https://www.reddit.com/r/learnprogramming/comments/1ph0y9w/is_programming_fun/,Ive been struggling to stay motivated and need some seasoned opinions,True,,self.learnprogramming,False,,0,
1phjnzb,How is the conversion done by the FPU for floating point numbers?,Electronic_Pace_6234,learnprogramming,2,0.76,11,2025-12-08 19:11:49,https://www.reddit.com/r/learnprogramming/comments/1phjnzb/how_is_the_conversion_done_by_the_fpu_for/,https://www.reddit.com/r/learnprogramming/comments/1phjnzb/how_is_the_conversion_done_by_the_fpu_for/,"so we have exponent, mantissa and sign bit. and say if the integer part is 3, we get 11 in binary. but what about the decimal part? say we have 3.25...how is that actually converted? there is this weird multiply by 2 thing, but that presupposes an implementation of floating point arithmetic already. ",True,,self.learnprogramming,False,,0,
1phpl0b,Frontend simplified bootcampe,Then-Football-428,learnprogramming,1,1.0,4,2025-12-08 22:54:36,https://www.reddit.com/r/learnprogramming/comments/1phpl0b/frontend_simplified_bootcampe/,https://www.reddit.com/r/learnprogramming/comments/1phpl0b/frontend_simplified_bootcampe/,"Hi! Has anyone done the bootcamp recently? I just had an interview and got sticker shock over the $10K price. Looking to see if there's anyone who's done it in the last year and what you thought of the curriculum and support. 

*bootcamp. Grr it won't let me edit the title
",True,,self.learnprogramming,False,,0,
1phio3y,Which code to use?,yonderinthepaw2patch,learnprogramming,2,0.67,4,2025-12-08 18:35:19,https://www.reddit.com/r/learnprogramming/comments/1phio3y/which_code_to_use/,https://www.reddit.com/r/learnprogramming/comments/1phio3y/which_code_to_use/,"Hi all, not sure if this is the correct forum but curious as to how a web program is developed for both desktop and phone app? Is this two completely separate codes (one code for desktop and another code native to iPhone and/or Android ) or is this a massive code written responsive for the client? 

Like if I access the site from my phone vs accessing via laptop are these two separate? As I’m typing this I realize there’s a web version and then a phone app version. Need help and thanks in advanc",True,,self.learnprogramming,False,,0,
1phctkq,I'm chasing curiosity not money,No-Pace-1383,learnprogramming,5,0.73,14,2025-12-08 14:48:06,https://www.reddit.com/r/learnprogramming/comments/1phctkq/im_chasing_curiosity_not_money/,https://www.reddit.com/r/learnprogramming/comments/1phctkq/im_chasing_curiosity_not_money/,"In recent time I have learned to fall in love with the process on learning how computers work and what's happening underneath the hood. Money isn't my motivation in doing this, its out of general curiosity, we all need money to survive that's correct but if you're just starting out or thinking about wanting to learn how to code, think about why you're doing this. Is this something you're actually passionate about and wanting to learn? Or is this just to get a job? If you're only in this for mone",True,,self.learnprogramming,False,,0,
1phhugd,Confuse,WatercressSeparate82,learnprogramming,2,0.76,1,2025-12-08 18:04:22,https://www.reddit.com/r/learnprogramming/comments/1phhugd/confuse/,https://www.reddit.com/r/learnprogramming/comments/1phhugd/confuse/,"Anybody can help me with 
What should I do more focus on DSA or PROJECT ? 

I am in 3rd year at a very crucial point 
Don't know what to do .
I have every resource but still got stuck between both of them 
I know both are important but which should I give more focus for the placement scenario or internship. 

Please somebody help me 

",True,,self.learnprogramming,False,,0,
1phgdkv,What should I learn,Nastrex,learnprogramming,2,0.76,5,2025-12-08 17:09:18,https://www.reddit.com/r/learnprogramming/comments/1phgdkv/what_should_i_learn/,https://www.reddit.com/r/learnprogramming/comments/1phgdkv/what_should_i_learn/,Hey guys I'm in my 3rd year currently and confused between what language to learn I'm a AI and Ml specialization student so im thinking of doing dsa with python as it will give me command in python but my friends suggests to do it in java or c++ what should I di,True,,self.learnprogramming,False,,0,
1phcinf,I want to learn how to build an irregular grid and a constraint solver.,SatisfactionBig8469,learnprogramming,3,0.81,1,2025-12-08 14:34:28,https://www.reddit.com/r/learnprogramming/comments/1phcinf/i_want_to_learn_how_to_build_an_irregular_grid/,https://www.reddit.com/r/learnprogramming/comments/1phcinf/i_want_to_learn_how_to_build_an_irregular_grid/,"I recently stumbled across NYT pips, for example the solution for today (Dec 8) is [https://imgur.com/a/caeZMOh](https://imgur.com/a/caeZMOh)

Basically there are 11-12 dominoes for you to place inside a randomly-generated grid. Each piece of domino can rotate freely. All grids must be filled, and must fit the constraints (e.g. 3 cells need to be different, 4 cells add up to 17, etc...)

  
At first the game is interesting, then I tried to dig into the coding details behind it (where I cannot th",True,,self.learnprogramming,False,,0,
1phffmt,Leetcode or Code Forces?,shubham_555,learnprogramming,2,0.76,4,2025-12-08 16:34:07,https://www.reddit.com/r/learnprogramming/comments/1phffmt/leetcode_or_code_forces/,https://www.reddit.com/r/learnprogramming/comments/1phffmt/leetcode_or_code_forces/,"I have been learning programming (DSA) for about a month now. So, now I have thinking about starting with platforms like leetcode or code forces. Which one should I start with and why?",True,,self.learnprogramming,False,,0,
1phxotu,Should I learn Full Stack whilst also currently majoring in AI?,Familiar-Election886,learnprogramming,0,0.33,9,2025-12-09 04:53:49,https://www.reddit.com/r/learnprogramming/comments/1phxotu/should_i_learn_full_stack_whilst_also_currently/,https://www.reddit.com/r/learnprogramming/comments/1phxotu/should_i_learn_full_stack_whilst_also_currently/,"So I'm currently a student majoring in AI, and I have already know the basics of ML and DL, as well as DS, not much project-wise though, just some simple models. 

But I have been thinking about learning Full Stack (building websites and apps) at the same time. So I would like to know if whether me studying Full Stack alongside my major in AI would benefit me in the long run. My thought process is that if I know Full Stack, I can build complete applications that use my AI models. However, I am w",True,,self.learnprogramming,False,,0,
1phextz,"Trying to learn Java, is there anything like Cursor for IntelliJ?",adriano26,learnprogramming,2,0.56,9,2025-12-08 16:14:59,https://www.reddit.com/r/learnprogramming/comments/1phextz/trying_to_learn_java_is_there_anything_like/,https://www.reddit.com/r/learnprogramming/comments/1phextz/trying_to_learn_java_is_there_anything_like/,"I’m learning Java + Spring and Cursor helps me understand concepts way better, but every tutorial pushes IntelliJ for serious backend work. I end up opening the same folder in both.

I tried Sweep AI inside IntelliJ and it actually helped me follow bigger code changes without switching editors constantly.

Any beginners doing something similar? What’s the smoothest setup for learning?",True,Resource,self.learnprogramming,False,,0,
1ph3wi0,Learn how to apply OOP,Z_Arc-M1ku,learnprogramming,10,0.86,26,2025-12-08 06:04:52,https://www.reddit.com/r/learnprogramming/comments/1ph3wi0/learn_how_to_apply_oop/,https://www.reddit.com/r/learnprogramming/comments/1ph3wi0/learn_how_to_apply_oop/,"I am learning OOP with Python in a self-taught way, but when trying to make a program, even if it is small, but when I try it, I only end up making 'separate' sections or that really do not do anything that builds something between them. With which projects do they really guide you to understand OOP to build functional programs? Thank you!!!",True,,self.learnprogramming,False,,0,
1ph38q1,"Best backend language for a total beginner (short-term goals, basic Python known)",Neon_Phantomm,learnprogramming,11,0.93,13,2025-12-08 05:30:50,https://www.reddit.com/r/learnprogramming/comments/1ph38q1/best_backend_language_for_a_total_beginner/,https://www.reddit.com/r/learnprogramming/comments/1ph38q1/best_backend_language_for_a_total_beginner/,"Hey everyone,  
I’m a complete beginner in backend development and could really use some guidance from experienced folks here.

I only know the **basics of Python** right now (variables, loops, functions, etc.), and my goal is to **quickly build simple but real backend projects** like login systems, small APIs, or database-driven apps. This is more of a **short-run learning goal (next few months)** rather than a long-term career decision for now.

I’m confused between options like:

* Python (Fl",True,Backend language for beginners,self.learnprogramming,False,,0,
1pgvmke,How to get good at coding? Logic doesn't come easy to me.,AlfonsoTaton,learnprogramming,34,0.85,19,2025-12-07 23:29:30,https://www.reddit.com/r/learnprogramming/comments/1pgvmke/how_to_get_good_at_coding_logic_doesnt_come_easy/,https://www.reddit.com/r/learnprogramming/comments/1pgvmke/how_to_get_good_at_coding_logic_doesnt_come_easy/,"Okay, so I'm a comp sci aficionado, but I just SUCK when it comes to coding logic. For example, I struggled to do a simple code that changes every first letter of every word in a string to its upper case (for example ""hello world"" to ""Hello World""), and it wasn't remotely good. I then moved on to verify if a string was an isogram, and I can't even figure out the logic without the code being too redundant or straight up bad.

I see literally everybody else around me get the logic in their codes j",True,Tutorial,self.learnprogramming,False,,0,
1phhudg,"How do I refresh my Java knowledge, learn spring and kafka in 2 weeks",OutrageousYogurtt,learnprogramming,0,0.5,4,2025-12-08 18:04:18,https://www.reddit.com/r/learnprogramming/comments/1phhudg/how_do_i_refresh_my_java_knowledge_learn_spring/,https://www.reddit.com/r/learnprogramming/comments/1phhudg/how_do_i_refresh_my_java_knowledge_learn_spring/,"I graduated college about 6 years back and I say that I had decent knowledge in Java. But, that was the last time that I ever done coding.

It's been soo long now and I was working on tools all this time. I need to refresh my Java skills and learn spring and kafka for an upcoming project.

This is really important for my career. Can someone please guide me.",True,Resource,self.learnprogramming,False,,0,
1phhcdy,teaching pain point,TorroesPrime,learnprogramming,0,0.5,6,2025-12-08 17:46:04,https://www.reddit.com/r/learnprogramming/comments/1phhcdy/teaching_pain_point/,https://www.reddit.com/r/learnprogramming/comments/1phhcdy/teaching_pain_point/,"Some quick background: I work a community college as an IT Academic support specialist.  Basically I'm 4 parts tutor, 1 part psuedo-teachers aide (times however many IT class sections there are), and 5 parts curriculum development/feed back.  One aspect of my job involves running open study/work sessions that students can attend to ask questions about different things, and get help with assignments. I run these sessions through zoom room because when I surveyed the classes at the beginning of th",True,,self.learnprogramming,False,,0,
1phbony,Can’t decide between C# and Java for backend — need advice,Only-Stress7546,learnprogramming,2,0.58,21,2025-12-08 13:55:20,https://www.reddit.com/r/learnprogramming/comments/1phbony/cant_decide_between_c_and_java_for_backend_need/,https://www.reddit.com/r/learnprogramming/comments/1phbony/cant_decide_between_c_and_java_for_backend_need/,"I can’t decide which programming language to choose. My dilemma: C# or Java? I want to become a backend developer. I know the differences between these languages, and I’m familiar with the syntax of both. But I need to pick one so I can move forward: learn the frameworks, build pet projects, and eventually find a job. Some people might say: “Just pick one, and you can switch later. It won’t take much time.” But for me, as someone who is still learning, switching would cost a lot of time — learni",True,,self.learnprogramming,False,,0,
1phh0s2,Confused 2nd year CSE student: Full Stack vs AI/ML vs GATE? Need clarity.,Careless-Charity-636,learnprogramming,1,1.0,0,2025-12-08 17:33:46,https://www.reddit.com/r/learnprogramming/comments/1phh0s2/confused_2nd_year_cse_student_full_stack_vs_aiml/,https://www.reddit.com/r/learnprogramming/comments/1phh0s2/confused_2nd_year_cse_student_full_stack_vs_aiml/,"Hi! I’m a 2nd year CSE student and I’m really confused about my career direction, so I’d love some guidance from people who have been through this.

So far, I’ve learned C, HTML, CSS, and a bit of JS. I enjoy full stack development and I want to prepare for a job-oriented path.  
But my sister keeps telling me not to focus on placements and instead prepare seriously for GATE, get a good rank, do MTech, and then I’ll automatically get a good job.

I’m scared because:  
• What if I don’t get a goo",True,jobdoubtTopic,self.learnprogramming,False,,0,
1pgr2ol,Long coding videos are rough to learn from,Right-Month7183,learnprogramming,40,0.84,15,2025-12-07 20:24:26,https://www.reddit.com/r/learnprogramming/comments/1pgr2ol/long_coding_videos_are_rough_to_learn_from/,https://www.reddit.com/r/learnprogramming/comments/1pgr2ol/long_coding_videos_are_rough_to_learn_from/," I’ve been watching a ton of programming tutorials on YouTube, and sometimes they throw a term out of nowhere like “memoization” or “state machine,” and I have to stop everything to figure it out.

Tried TLDW, and the Explain feature is kinda great for that. They show you the video transcript side by side with the video. I just select a jargon in the transcript, and it pulls the explanation based on that exact moment in the tutorial. And explains it in context. Makes the whole thing less frustra",True,Resource,self.learnprogramming,False,,0,
1phehbt,Even with a job and being in my second year of university I don't feel like i know how to program,emotheoj,learnprogramming,1,1.0,1,2025-12-08 15:58:05,https://www.reddit.com/r/learnprogramming/comments/1phehbt/even_with_a_job_and_being_in_my_second_year_of/,https://www.reddit.com/r/learnprogramming/comments/1phehbt/even_with_a_job_and_being_in_my_second_year_of/,"Hey guys, currently I'm working as a fullstack developer and in my second year of university but i have an issue. I don't feel like i know how to program, i feel like i know how to piece some random stuff to make it work but i don't know how to build, idealize a system. I work with node js and R on a daily basis but i also don't really feel like i actually know these languages. Are there any courses, books, projects that i could take that would teach me how to actually program? I don't want to b",True,,self.learnprogramming,False,,0,
1ph4vea,Learning the philosophy and fundamentals whilst trying to stay with 1 or 2 languages,badgerbang,learnprogramming,2,0.67,3,2025-12-08 06:58:41,https://www.reddit.com/r/learnprogramming/comments/1ph4vea/learning_the_philosophy_and_fundamentals_whilst/,https://www.reddit.com/r/learnprogramming/comments/1ph4vea/learning_the_philosophy_and_fundamentals_whilst/,"I want to go back, and learn the deeper fundamental principles that are language agnostic; so I made a book wish list however, most of them use little pseudo code or they use C/python.

However, I want to stay away from learning too much syntax at once so this is undesirable.

I acquiesced and have started reading one in C. It is slow progress because of the syntax learning as I go :(

I feel like I should of started in one of these languages to begin with -regrettably. I just fell into learning",True,Tutorial,self.learnprogramming,False,,0,
1ph633g,Final Year Engineering Student: trying to break into tech/data in 5months. Advice needed!!,MedicoWeebGamerxD,learnprogramming,3,0.8,4,2025-12-08 08:11:19,https://www.reddit.com/r/learnprogramming/comments/1ph633g/final_year_engineering_student_trying_to_break/,https://www.reddit.com/r/learnprogramming/comments/1ph633g/final_year_engineering_student_trying_to_break/,"TLDR : Final year student switching from MBA prep to job search and profile building within 5 months.  Suggestions please. 

I am a 4th year BTech Electrical and Engineering student , from tier 2 engineering college, who was planning to pursue MBA right after graduation . Due to some poor decision making and mismanagement from my part, I am now driving towards learning tech and getting a job first. I have joined a certain paid course which teaches me MERN stack , DSA and certain AI/ML concepts w",True,Topic,self.learnprogramming,False,,0,
1phb53i,How can I like decrypt a Lua file or something,Over-Power-1346,learnprogramming,0,0.33,3,2025-12-08 13:27:54,https://www.reddit.com/r/learnprogramming/comments/1phb53i/how_can_i_like_decrypt_a_lua_file_or_something/,https://www.reddit.com/r/learnprogramming/comments/1phb53i/how_can_i_like_decrypt_a_lua_file_or_something/,"I am trying to make my lua file into a readable code but I don't know what to use (I've tried unluac)

The header is like ""LuaS"" but I don't know what Lua version it is but I think it's lua 5.3",True,,self.learnprogramming,False,,0,
1ph786l,How to get better at ui design ??,Very-Angry-Panda,learnprogramming,0,0.33,3,2025-12-08 09:26:02,https://www.reddit.com/r/learnprogramming/comments/1ph786l/how_to_get_better_at_ui_design/,https://www.reddit.com/r/learnprogramming/comments/1ph786l/how_to_get_better_at_ui_design/,"I have made a full social media app by myself  but I still stuck at ui design 😭
College first sem .",True,,self.learnprogramming,False,,0,
1ph2kps,Need advice on what to focus next,Balerion_0,learnprogramming,2,1.0,1,2025-12-08 04:56:57,https://www.reddit.com/r/learnprogramming/comments/1ph2kps/need_advice_on_what_to_focus_next/,https://www.reddit.com/r/learnprogramming/comments/1ph2kps/need_advice_on_what_to_focus_next/,"

I am about to finish a Data Systems tech degree and then start Telematics Engineering, and I’d like some advice on what to focus on next for my career. 

Right now I’m comfortable with:
- PHP and Laravel, backend and front end (just html and css, I know nothing about JS)
- SQL and databases in general  
- Android Studio for building basic apps  
- Core CS fundamentals: programming basics, data structures, OOP, and database design

Given this background and my upcoming telematics studies, what ",True,,self.learnprogramming,False,,0,
1ph6fp2,Is it good practice to use WinLibs MinGW that includes both GCC and Clang?,SpritualPanda,learnprogramming,1,0.67,6,2025-12-08 08:33:58,https://www.reddit.com/r/learnprogramming/comments/1ph6fp2/is_it_good_practice_to_use_winlibs_mingw_that/,https://www.reddit.com/r/learnprogramming/comments/1ph6fp2/is_it_good_practice_to_use_winlibs_mingw_that/,"I downloaded the MinGW toolchain from [WinLibs](https://winlibs.com) , which comes with both GCC and Clang pre-built. It works fine for me, but I’m wondering if this is considered good practice for Windows development. Is using the WinLibs builds (with both GCC and Clang) reliable for long-term C/C++ development?",True,Resource,self.learnprogramming,False,,0,
1pgwwd0,Self-teaching backend development — what should my next steps be?,Fabijowski,learnprogramming,4,0.75,2,2025-12-08 00:24:51,https://www.reddit.com/r/learnprogramming/comments/1pgwwd0/selfteaching_backend_development_what_should_my/,https://www.reddit.com/r/learnprogramming/comments/1pgwwd0/selfteaching_backend_development_what_should_my/,"I’m currently teaching myself backend development using Codecademy, and I’m having a great time so far. But I’m starting to wonder what the next step should be.

How can I find meaningful projects to build — ones that help me truly learn programming (not just copy tutorials) and also look good in a portfolio?
Do you know any good resources or communities where beginners can find project ideas?

I’m also curious whether I should already focus on a specific area, like cloud engineering, since it s",True,Resource,self.learnprogramming,False,,0,
1pgcu5t,"Where do I practice SQL and master it? (Thought of trying leetcode, but need your opinions)",Swimming-Spring-4704,learnprogramming,66,0.98,16,2025-12-07 08:53:32,https://www.reddit.com/r/learnprogramming/comments/1pgcu5t/where_do_i_practice_sql_and_master_it_thought_of/,https://www.reddit.com/r/learnprogramming/comments/1pgcu5t/where_do_i_practice_sql_and_master_it_thought_of/,"So I just learnt all the basics queries, joins, etc and I wanna start practicing my queries. I found a few SQL questions on leetcode, but people I speak to, tell me that it's not enough to master it, and that I should try other sites after finishing the leetcode queries.

Are they right, and also what other sites other than leetcode can help me practise and master SQL? That way I can even add it on my resume if people ask in interviews",True,,self.learnprogramming,False,,0,
1ph50vk,Is there a way to redefine the comparison operator in python?,ElegantPoet3386,learnprogramming,1,0.67,6,2025-12-08 07:06:59,https://www.reddit.com/r/learnprogramming/comments/1ph50vk/is_there_a_way_to_redefine_the_comparison/,https://www.reddit.com/r/learnprogramming/comments/1ph50vk/is_there_a_way_to_redefine_the_comparison/,"So let’s say I have a class with an attribute called number. If I wanted to compare the numbers of 2 objects, I could just do obj1.number &gt; obj2.number

  
But let’s say for some reason I decide the .number part is too tiring to write so I want to just do obj1 &gt; obj2. Is there a way to do this?",True,,self.learnprogramming,False,,0,
1ph4jvf,API Request with Particle Photon 2 (OpenSky),poopinasack24,learnprogramming,1,1.0,0,2025-12-08 06:40:10,https://www.reddit.com/r/learnprogramming/comments/1ph4jvf/api_request_with_particle_photon_2_opensky/,https://www.reddit.com/r/learnprogramming/comments/1ph4jvf/api_request_with_particle_photon_2_opensky/,"Hello,

I don't really know where to go with this project. It seemed simple enough. Isn't working, and and I'm not sure why. I've put in a request to the OpenSky discord but figured if it turns out to be a more technical problem, this might be the place? I'm hoping since there's such a large base here someone might know something useful, or at least refer me to a more...suitable sub-reddit. Anyways:

I'm working on a project for my Physical Computing Class and I'm trying ultimately trying to use",True,,self.learnprogramming,False,,0,
1pgr7ow,"Where does an ORM fit in, in industry?",SandCoder,learnprogramming,6,1.0,24,2025-12-07 20:29:58,https://www.reddit.com/r/learnprogramming/comments/1pgr7ow/where_does_an_orm_fit_in_in_industry/,https://www.reddit.com/r/learnprogramming/comments/1pgr7ow/where_does_an_orm_fit_in_in_industry/,"Hello all,

I have spent the afternoon, trying to wrap my head round a basic ORM, for a small side project I am working on (basic CRUD console app). 

My question is where do these ORM things fit in, in real life. I can sort of see the simplicity of them. However, maybe I am out of touch here. But I thought, with products such as SQL Server, you created your schema using SQL. 

In fact, at my work, I know we have a third party company that one of our clients uses, that regularly runs SQL scripts",True,,self.learnprogramming,False,,0,
1pgz09s,AWS VPC and IAM,anonymouswombat26,learnprogramming,2,1.0,1,2025-12-08 02:02:07,https://www.reddit.com/r/learnprogramming/comments/1pgz09s/aws_vpc_and_iam/,https://www.reddit.com/r/learnprogramming/comments/1pgz09s/aws_vpc_and_iam/,I'm a beginner with Aws and it's services. I'm just looking to get exposure to the above and would appreciate any advise as to how to include then in a ML/backend project. Thanks,True,Topic,self.learnprogramming,False,,0,
1phb5te,NEXT LANGUAGE RECOMMENDATION,GuyWithSuperPowers00,learnprogramming,0,0.33,8,2025-12-08 13:28:57,https://www.reddit.com/r/learnprogramming/comments/1phb5te/next_language_recommendation/,https://www.reddit.com/r/learnprogramming/comments/1phb5te/next_language_recommendation/,"I started my programming journey with ❗C language 

But right now I am kind of bored from it 

Right now I want to learn a new language 

My interest are ❗

✨ Need Some visual stuff like physics simulation ( I Am interested in)

✨ Language by which I can earn partime and freelance 
",True,,self.learnprogramming,False,,0,
1ph1q8q,Is using empty commit the only way to graph shaping (for easy visual tracking of subtasks)?,Brave_Atmosphere4627,learnprogramming,1,1.0,3,2025-12-08 04:13:57,https://www.reddit.com/r/learnprogramming/comments/1ph1q8q/is_using_empty_commit_the_only_way_to_graph/,https://www.reddit.com/r/learnprogramming/comments/1ph1q8q/is_using_empty_commit_the_only_way_to_graph/,"After doing `git checkout -b feat` and then immediately `git checkout -b part1` there are no commits on `feat` branch. Normally, commit graph will line-up `feat` branch with `part1` *(B)*. Is there any other way than adding empty commit (`git commit --allow-empty`) in between these `checkout -b` , so graph will look like *(A)*?

    * merge branch 'feat' into 'devel'
    |\
    | \
    |  * merge branch 'part2' into 'feat'  (A)
    |  |\
    |  | \
    |  |  * commit
    |  |  |
    |  |  * comm",True,,self.learnprogramming,False,,0,
1pgwkus,"CockroachDB : What’s your experience compared to Postgres, Spanner or Yugabyte ?",froz0601,learnprogramming,2,0.75,4,2025-12-08 00:10:39,https://www.reddit.com/r/learnprogramming/comments/1pgwkus/cockroachdb_whats_your_experience_compared_to/,https://www.reddit.com/r/learnprogramming/comments/1pgwkus/cockroachdb_whats_your_experience_compared_to/,What do you think about Cockroach DB,True,,self.learnprogramming,False,,0,
1ph0yrx,What it take for you to land a first job? Need some direction,Capital-Ratio-1151,learnprogramming,1,1.0,4,2025-12-08 03:36:05,https://www.reddit.com/r/learnprogramming/comments/1ph0yrx/what_it_take_for_you_to_land_a_first_job_need/,https://www.reddit.com/r/learnprogramming/comments/1ph0yrx/what_it_take_for_you_to_land_a_first_job_need/,"Hi! the title says it all, I’ve studied for a while back in university on and off but decided to drop it now it’s like 2 years that I haven’t coded but I do still have the basic knowledge of languages like C++, Python, JavaScript and the concepts. I  am willing to put in the effort just want some direction, as in university it was just learning coding for coding and now I’m looking into starting something to support myself financially better . I’m alone living in the another country only myself ",True,,self.learnprogramming,False,,0,
1ph4079,Training AI models,Illustrious-Theme570,learnprogramming,0,0.44,2,2025-12-08 06:10:05,https://www.reddit.com/r/learnprogramming/comments/1ph4079/training_ai_models/,https://www.reddit.com/r/learnprogramming/comments/1ph4079/training_ai_models/,"Hi there, iv recently gotten into training ai models for various things. I have been doing this on power shell using existing tensor flow models but it seems to take a very long time to manually label etc then actually train. I was wondering if there is a better way I could be doing this. 

Thanks ",True,,self.learnprogramming,False,,0,
1pgwo65,How important is it for Machine Learning Engineers to know C++?,DimitrisDiAngelo,learnprogramming,1,0.67,2,2025-12-08 00:14:47,https://www.reddit.com/r/learnprogramming/comments/1pgwo65/how_important_is_it_for_machine_learning/,https://www.reddit.com/r/learnprogramming/comments/1pgwo65/how_important_is_it_for_machine_learning/,"Pretty self explanatory question.   
  
Recently interviewed at NVIDIA for a Deep Learning Algorithm Engineer role as a junior developer and I didnt know fundamental computer architecture concepts like tensor parallelism, which after a bit of researching led me to C++ and cuda programming. How important are these concepts to know? Perhaps it was NVIDIA that is primaraly a HW company that wanted such deep understanding, but I feel these concepts are transferable to any ML Engineering job. Is it a",True,,self.learnprogramming,False,,0,
1pgqwlx,help me improve my roadmap,klllu,learnprogramming,2,0.75,3,2025-12-07 20:18:01,https://www.reddit.com/r/learnprogramming/comments/1pgqwlx/help_me_improve_my_roadmap/,https://www.reddit.com/r/learnprogramming/comments/1pgqwlx/help_me_improve_my_roadmap/,"Hi,  
so i have 1 year (a little less) to go from basic java to being able to create a microservice spring boot angular (maybe kafka too) app.

\- 6 weeks: java core (I am currently on week 6 its the ""multithreading and conccurency week) btw how deep should i know this i'm planning to pass a few days to a week not more (I'm not planning to go deep on it since i have other more important things to see )

\- 5 weeks : on spring boot basics (spring core(documentation), dependency injection and over",True,,self.learnprogramming,False,,0,
1pgatf9,"confused about what to specialize in (web dev, AI, etc.)",DueCapital8117,learnprogramming,24,0.8,14,2025-12-07 06:51:05,https://www.reddit.com/r/learnprogramming/comments/1pgatf9/confused_about_what_to_specialize_in_web_dev_ai/,https://www.reddit.com/r/learnprogramming/comments/1pgatf9/confused_about_what_to_specialize_in_web_dev_ai/,"I’m a CS student who really wants to dive deep into something and maybe even do research in the future, but I still haven’t figured out what my actual interests are. Right now I’m confused about which path to choose (web development, AI, etc.), and I’m not sure if it’s okay to feel this lost at this stage or if I’m already “behind” compared to others.

If anyone has gone through this phase, how did you explore different areas and eventually find what you enjoy? Any practical suggestions or steps",True,,self.learnprogramming,False,,0,
1pgzt5g,Question!,chrisredfieldsnuts,learnprogramming,0,0.36,9,2025-12-08 02:40:30,https://www.reddit.com/r/learnprogramming/comments/1pgzt5g/question/,https://www.reddit.com/r/learnprogramming/comments/1pgzt5g/question/,"Does anyone know how to do the command where it will highlight every single one of a word you already have highlighted. Like if I highlight ""30"" it was cntrl and another button to open a box that said + | all | and then the search bar if i remember correctly. I cannot remember the code for the life of me and I need it.",True,Solved,self.learnprogramming,False,,0,
1pgu57w,ASP.NET - best courses &amp; roadmap,Nice_Pen_8054,learnprogramming,0,0.5,2,2025-12-07 22:28:18,https://www.reddit.com/r/learnprogramming/comments/1pgu57w/aspnet_best_courses_roadmap/,https://www.reddit.com/r/learnprogramming/comments/1pgu57w/aspnet_best_courses_roadmap/,"Hello,

I want to get into C# and ASP.NET, as I am passionated about developing the back end of SaaS and ecommerce websites.

2026 is close, so right now, what are the best courses for C# and ASP.NET?

If you would start again, how would you learn everything?

Thank you.",True,,self.learnprogramming,False,,0,
1pgtxlk,Simple Question: Quick Liquid Q: What's the best way to handle a dynamic section.id in JS in Shopify 2.0?,Downtown_Leg7243,learnprogramming,0,0.5,0,2025-12-07 22:19:46,https://www.reddit.com/r/learnprogramming/comments/1pgtxlk/simple_question_quick_liquid_q_whats_the_best_way/,https://www.reddit.com/r/learnprogramming/comments/1pgtxlk/simple_question_quick_liquid_q_whats_the_best_way/,"Hey everyone, working on a custom section (my first 2.0 theme asset), and I'm trying to ensure my custom JS (for a simple component like a counter or carousel) is properly scoped.

Right now, I'm passing the Liquid value directly into the JavaScript like this:

`const element = document.getElementById('my-container-{{ section.id }}');`

**Is this still considered best practice in modern 2.0 development?** Are there better methods for ensuring the selector is unique across multiple instances of t",True,,self.learnprogramming,False,,0,
1pgha73,"Questions around the term ""Schema"" and related phrases",LetMyCameronG000,learnprogramming,4,0.76,11,2025-12-07 13:32:29,https://www.reddit.com/r/learnprogramming/comments/1pgha73/questions_around_the_term_schema_and_related/,https://www.reddit.com/r/learnprogramming/comments/1pgha73/questions_around_the_term_schema_and_related/,"So I've googled this a bit and it seems the term ""schema"" only ever comes up in the context of databases.

But the term itself seems to refer to the 'shape of data' (see here: [https://www.reddit.com/r/learnprogramming/comments/tshe0h/can\_someone\_eli5\_what\_a\_schema\_is/](https://www.reddit.com/r/learnprogramming/comments/tshe0h/can_someone_eli5_what_a_schema_is/) )

My questions are:

* Can we use ""schema"" to mean something other than database schemas ? E.g. when referring to the structure ",True,,self.learnprogramming,False,,0,
1pgok11,python,Little-Meat-7737,learnprogramming,0,0.5,3,2025-12-07 18:49:00,https://www.reddit.com/r/learnprogramming/comments/1pgok11/python/,https://www.reddit.com/r/learnprogramming/comments/1pgok11/python/,"    wholenumbr=int(input('wholenmbr:'))
    print('[' , end='')
    for i in range(heltal,0,-1):
        if wholenumbr%i==0:
            print(i, end='')
    print(']')
    the print gives the numbers without spaces how would you go about changing it in the simplest way?",True,Code Review,self.learnprogramming,False,,0,
1pgtq3c,How do I retain coding knowledge and learn effectively with limited time? (2nd year CSE student),suryanshgyaanibaba,learnprogramming,0,0.4,5,2025-12-07 22:11:10,https://www.reddit.com/r/learnprogramming/comments/1pgtq3c/how_do_i_retain_coding_knowledge_and_learn/,https://www.reddit.com/r/learnprogramming/comments/1pgtq3c/how_do_i_retain_coding_knowledge_and_learn/,"I'm a 2nd year CSE student in India and I'm struggling with retaining what I learn in coding. My college has mandatory 8-hour classes, 6 days a week, with strict attendance requirements (can't give exams without minimum attendance). Laptops aren't allowed in lectures, so most of my day goes into just attending classes.

**My main problems:**

1. **Forgetting what I've learned** \- I had a decent grasp of DSA and web development a few months ago, but now I'm blanking on concepts I used to know. I",True,,self.learnprogramming,False,,0,
1pgn1ks,"How to Begin Thinking like a Programmer"" by Andy Harris",Express_Dentist9994,learnprogramming,1,0.67,1,2025-12-07 17:48:56,https://www.reddit.com/r/learnprogramming/comments/1pgn1ks/how_to_begin_thinking_like_a_programmer_by_andy/,https://www.reddit.com/r/learnprogramming/comments/1pgn1ks/how_to_begin_thinking_like_a_programmer_by_andy/,"[[""How to Begin Thinking like a Programmer"" by Andy Harris
](https://youtu.be/YWwBhjQN-Qw?si=cwrDI2VJutElUyv1))

Hi, I stumbled upon the best programming tutorial, unfortunately some content is missing

The videos 8 years ago and I can't get a hold of Andy Harris. 

At 21:27 link's missing but I think his talking about the Summary of the key algorithms in programming but the site can't be reached as well. https://www.cs.iupui.edu/~ajharris/230/algoSummary.htm

Links from http://aharrisbooks.net/",True,,self.learnprogramming,False,,0,
1pgmse9,How much focus on C is there generally in a C/C++ class?,upstream_paddling,learnprogramming,1,0.57,11,2025-12-07 17:38:51,https://www.reddit.com/r/learnprogramming/comments/1pgmse9/how_much_focus_on_c_is_there_generally_in_a_cc/,https://www.reddit.com/r/learnprogramming/comments/1pgmse9/how_much_focus_on_c_is_there_generally_in_a_cc/,I was hoping to take a class in C for credit but my local community college only has C++. Another cc nearby has a C/C++ class but I'm wondering how much focus will actually be on C and whether I'd be better off just doing C++ at the closer school. ,True,,self.learnprogramming,False,,0,
1pgasbi,confused about what to specialize,DueCapital8117,learnprogramming,7,0.82,5,2025-12-07 06:49:22,https://www.reddit.com/r/learnprogramming/comments/1pgasbi/confused_about_what_to_specialize/,https://www.reddit.com/r/learnprogramming/comments/1pgasbi/confused_about_what_to_specialize/,"I’m a CS student who really wants to dive deep into something and maybe even do research in the future, but I still haven’t figured out what my actual interests are. Right now I’m confused about which path to choose (web development, AI, etc.), and I’m not sure if it’s okay to feel this lost at this stage or if I’m already “behind” compared to others.

If anyone has gone through this phase, how did you explore different areas and eventually find what you enjoy? Any practical suggestions or steps",True,,self.learnprogramming,False,,0,
1pgln2y,Reading documentation,Land_Particular,learnprogramming,1,0.6,7,2025-12-07 16:51:53,https://www.reddit.com/r/learnprogramming/comments/1pgln2y/reading_documentation/,https://www.reddit.com/r/learnprogramming/comments/1pgln2y/reading_documentation/,"Can someone please explain to a beginner what is meant when people say “read the documentation” I’ve heard this alot, is what they mean the tutorial like text book for each language or something else?",True,,self.learnprogramming,False,,0,
1pg9rcg,A Guide to OpenGL,Quick-Psychology-503,learnprogramming,9,0.92,4,2025-12-07 05:52:57,https://www.reddit.com/r/learnprogramming/comments/1pg9rcg/a_guide_to_opengl/,https://www.reddit.com/r/learnprogramming/comments/1pg9rcg/a_guide_to_opengl/,"Hello!

This isn't a question about code, or a self promotion, so if that is not allowed please let me know ASAP so I can promptly remove this post. This is however, a question to those curious minds wanting to understand and learn OpenGL. Or even just want to know how computer graphics works in general. 

First, some context.

A while ago I undertook the arduous task of learning OpenGL. From all the basics of drawing primitives and up to advanced concepts such as compute shaders and volumetric ",True,Tutorial,self.learnprogramming,False,,0,
1pgc9hh,"Are there people who used to hate front end, but later they enjoyed it?",Nice_Pen_8054,learnprogramming,4,0.71,11,2025-12-07 08:16:38,https://www.reddit.com/r/learnprogramming/comments/1pgc9hh/are_there_people_who_used_to_hate_front_end_but/,https://www.reddit.com/r/learnprogramming/comments/1pgc9hh/are_there_people_who_used_to_hate_front_end_but/,"Hello,

I prefer back end.

Are there people who used to hate front end, but later they enjoyed it?

If yes, what changed your mind?",True,,self.learnprogramming,False,,0,
1pgfbcm,Typing Help for argparse wrapper,philtrondaboss,learnprogramming,2,1.0,1,2025-12-07 11:32:34,https://www.reddit.com/r/learnprogramming/comments/1pgfbcm/typing_help_for_argparse_wrapper/,https://www.reddit.com/r/learnprogramming/comments/1pgfbcm/typing_help_for_argparse_wrapper/,"I am trying to make my python argparse wrapper type hint items.

    from philh_myftp_biz import ParsedArgs
    from philh_myftp_biz.pc import Path
    
    args = ParsedArgs()
    
    args.Arg(
        name = 'imgdir',
        desc = 'Path to save images',
        handler = Path
    )

To get a path object with the imgdir string as input, I can type `args['imgdir']`. However, I don't want to have to do `imgdir: Path = args['imgdir']` every time. I want to make it automatically interpret the ty",True,Python,self.learnprogramming,False,,0,
1pgix1y,AI/ML and regular programming,lampani,learnprogramming,0,0.5,4,2025-12-07 14:55:36,https://www.reddit.com/r/learnprogramming/comments/1pgix1y/aiml_and_regular_programming/,https://www.reddit.com/r/learnprogramming/comments/1pgix1y/aiml_and_regular_programming/,"If I choose IT AI/ML engineering as my field, will I also be able to do regular programming?

For example, I like C/C++ and low-level programming. Can I become a C/C++ expert if I choose AI/ML engineering for my career?

I would like to participate in open source projects, but I am afraid that my choice will greatly limit my skills.",True,,self.learnprogramming,False,,0,
